type;siren;nom;longitude;latitude
CC;200000172;CC Faucigny-Glières;6.408097;46.076863
CC;200000438;CC du Pays de Pontchâteau Saint-Gildas-des-Bois;-2.091299;47.441775
CC;200000545;CC des Portes de Romilly-sur-Seine;3.722976;48.510645
CC;200000628;CC Rhône Lez Provence;4.751769;44.291413
CC;200000800;CC Cœur de Sologne;2.028503;47.599437
CC;200000925;CC de la Plaine Dijonnaise;5.225601;47.238461
CC;200000933;CC Sauldre et Sologne;2.432796;47.561069
CC;200004802;CC du Pays de Fayence;6.685616;43.616817
CC;200005932;CC des Portes de Sologne;1.921132;47.724028
CC;200005957;CC de la Région de Rambervillers;6.642844;48.341201
CA;200006682;CA Beaune,Côte et Sud - Communauté Beaune-Chagny-Nolay;4.841572;47.025398
CC;200006716;CC du Nogentais;3.503041;48.493099
CC;200006930;CC du Haut Allier;3.84995;44.728443
CC;200006971;CC du Perche;0.808165;48.317471
CC;200007052;CC de la Marche Berrichonne;1.839004;46.457565
CC;200007177;CC Pays de Nérondes;2.846787;47.004292
CA;200010650;CA du Grand Dole;5.493722;47.077973
CA;200010700;CA Caux Seine Agglo;0.53495;49.519589
CA;200011773;CA Annemasse-les Voirons-Agglomération;6.243054;46.189327
CC;200011781;CC Portes du Berry entre Loire et Val d'Aubois;3.001212;47.049052
CC;200013050;CC Sauer-Pechelbronn;7.764905;48.898196
CC;200015162;CC de l'Oriente;9.499871;42.103442
CC;200016905;CC du Pays de Lamastre;4.584757;44.983159
CC;200017341;CC Lodévois et Larzac;3.313903;43.731146
CA;200017846;CA Étampois Sud-Essonne;2.156585;48.429826
CC;200018083;CC de Desvres-Samer;1.83556;50.66699
CC;200018166;CC Le Grésivaudan;5.883069;45.283529
CC;200018406;CC du Romorantinais et du Monestois;1.743063;47.360174
CC;200018521;CC du Val de Bouzanne;1.82014;46.58698
CA;200018653;CA Cap Excellence;-61.537759;16.23619
CC;200022986;CC du Grand Pic Saint-Loup;3.868716;43.77306
CC;200023075;CC du Pays de Maîche;6.803622;47.247424
CC;200023125;CC Les Portes Briardes entre Villes et Forêts;2.673278;48.767283
CC;200023240;CC Pays de Nemours;2.703049;48.266711
CC;200023299;CC Cœur de Tarentaise;6.531756;45.483792
CA;200023307;CA du Grand Villeneuvois;0.635746;44.447586
CC;200023372;CC de la Vallée de Chamonix-Mont-Blanc;6.893163;45.948385
MET;200023414;Métropole Rouen Normandie;0.520408;49.755261
CC;200023620;CC de la Gascogne Toulousaine;1.089599;43.610431
CA;200023737;CA du Grand Cahors;1.438342;44.457559
CA;200023778;CA du Pays de Saint-Gilles-Croix-de-Vie;-1.878588;46.680095
CC;200023794;CC de Blaye;-0.655446;45.127019
CC;200023919;CC Gâtinais Val de Loing;2.709436;48.146707
CC;200026573;CC Haut-Jura Saint-Claude;5.865644;46.404274
CC;200027027;CC Arc Sud Bretagne;-2.489705;47.555659
CC;200027076;CC Arnon Boischaut Cher;2.337483;46.855488
CC;200027100;CC Méditerranée Porte des Maures;6.244417;43.152744
CU;200027183;CU Perpignan Méditerranée Métropole;2.902878;42.701392
CC;200027217;CC Sarlat-Périgord Noir;1.20182;44.90572
CC;200027308;CC d'Auberive Vingeanne et Montsaugeonnais;5.291736;47.661227
CC;200027548;CC des Savanes;-52.946651;5.364258
CC;200029734;CC des 4B Sud Charente;-0.205233;45.378262
CC;200029999;CC Rives de l'Ain - Pays du Cerdon;5.412946;46.04538
MET;200030195;Métropole Nice Côte d'Azur;7.250987;43.713012
CA;200030385;CA de Blois Agglopolys;1.316402;47.581246
CC;200030435;CC d'Aire-sur-l'Adour;-0.25515;43.696074
CC;200030526;CC du Ried de Marckolsheim;7.556082;48.163507
CA;200030633;CA du Caudrésis et du Catésis;3.385196;50.140339
CC;200030658;CC du Trièves;5.633383;44.919031
CA;200030674;CA Val de Garonne Agglomération;0.170988;44.50184
CC;200032514;CC Berry-Loire-Vauvise;2.90776;47.1566
CA;200033025;CA de Bar-le-Duc - Sud Meuse;5.165032;48.773944
CC;200033090;CC Plaines et Monts de France;2.684213;49.056462
CC;200033116;CC Cluses-Arve et Montagnes;6.575877;46.064209
CC;200033173;CC de la Haute Vallée de Chevreuse;1.970256;48.702795
CA;200033181;CA Chartres Métropole;1.502286;48.446525
CC;200033298;CC des Coëvrons;-0.415423;48.14689
CU;200033579;CU d'Arras;2.768267;50.287896
CC;200033827;CC de Fium'orbu Castellu;9.407046;42.043212
CC;200033868;CC des Ballons des Hautes-Vosges;6.767218;47.882407
CC;200034023;CC Tarn-Agout;1.686649;43.769824
CC;200034031;CC des Monts d'Alban et du Villefranchois;2.458798;43.886901
CC;200034049;CC Centre Tarn;2.189465;43.777398
CC;200034056;CC du Lautrécois et du Pays d'Agout;2.129215;43.707123
CC;200034064;CC du Cordais et du Causse (4 C);1.931567;44.076728
CC;200034098;CC des Montagnes du Giffre;6.613933;46.123449
CC;200034130;CC Gally Mauldre;1.975909;48.879201
CC;200034197;CC de Montaigne Montravel et Gurson;0.117682;44.856569
CC;200034205;CC de la Costa Verde;9.519665;42.370512
CC;200034270;CC du Pays de Barr;7.436282;48.405225
CC;200034379;CC Pays d'Uzès;4.415571;44.021357
CC;200034411;CC du Piémont Cévenol;4.005374;43.908533
CC;200034601;CC Causses Aigoual Cévennes;3.640225;44.08184
CC;200034635;CC du Kochersberg;7.636648;48.660045
CA;200034692;CA du Gard Rhodanien;4.624846;44.158426
CA;200034700;CA Durance-Lubéron-Verdon Agglomération;5.784052;43.825445
CC;200034718;CC de Vitry,Champagne et Der;4.593002;48.726332
CC;200034726;CC Bastides de Lomagne;0.8822;43.722418
CA;200034825;CA du Grand Guéret;1.875015;46.171558
CC;200034833;CC des Bastides Dordogne-Périgord;0.742868;44.859033
CC;200034874;CC Côtes de Meuse Woëvre;5.737516;48.978106
CC;200034882;CC Pays du Mont-Blanc;6.703807;45.925787
CC;200034957;CC du Frontonnais;1.415402;43.795857
CA;200035087;CA Terre de Provence;4.848026;43.842941
CC;200035103;CC de la Vallée de la Haute Sarthe;0.352959;48.512108
CC;200035111;CC des Sources de l'Orne;0.165792;48.607359
CC;200035129;CC de Cèze Cévennes;4.19725;44.248595
CC;200035137;CC Marche Occitane - Val d'Anglin;1.21919;46.467494
CC;200035202;CC Charlieu-Belmont;4.162583;46.163603
CA;200035319;CA Estérel Côte d'Azur Agglomération;6.849913;43.442676
CC;200035327;CC Cazals-Salviac;1.258801;44.685365
CC;200035442;CC du Sud-Artois;2.853188;50.101426
CC;200035533;CC du Grand Saint-Émilionnais;-0.171828;44.892963
CC;200035541;CC des Landes d'Armagnac;-0.324104;44.036756
CC;200035632;CC Armagnac Adour;-0.077774;43.638874
CC;200035707;CC Piège Lauragais Malepère;2.103226;43.249119
CA;200035715;CA Carcassonne Agglo;2.349415;43.206781
CC;200035723;CC Ventoux Sud;5.434083;44.075084
CA;200035731;CA Roannais Agglomération;4.072015;46.043412
CC;200035756;CC Astarac Arros en Gascogne;0.2043;43.399728
CC;200035764;CC de la Beauce Loirétaine;1.795864;48.065556
CC;200035772;CC du Pays du Saintois;6.13745;48.468418
CA;200035814;CA Flers Agglo;-0.563453;48.737426
CC;200035848;CC du Châtillonnais en Berry;1.174281;46.988296
CC;200035855;CC Castelnaudary Lauragais Audois;1.959918;43.315108
CC;200035863;CC Région Lézignanaise,Corbières et Minervois;2.767797;43.193664
CC;200035970;CC Vexin Centre;1.927191;49.081152
CC;200036069;CC du Pays de Mortagne-au-Perche;0.560368;48.520689
CC;200036077;CC du Golfe de Saint-Tropez;6.538759;43.251167
CC;200036135;CC Cœur de France;2.521003;46.725545
CC;200036150;CC des Hauts du Val de Saône;5.889894;47.828082
CC;200036465;CC de Thann-Cernay;7.170948;47.80342
CA;200036473;CA de Saintes;-0.647217;45.748804
CC;200036499;CC de Marana-Golo;9.472991;42.542189
CC;200036523;CC des Bastides en Haut-Agenais Périgord;0.758134;44.509052
CC;200036549;CC Val de Gray;5.599291;47.441191
CC;200037059;CC de la Haute Somme (Combles - Péronne - Roisel);2.92536;49.927362
CC;200037133;CC du Provinois;3.297921;48.558668
CC;200038958;CC de la Pieve de l'Ornano et du Taravo;8.806282;41.887053
CC;200038990;CC de Saint-Méen Montauban;-2.061334;48.206497
CA;200039022;CA Vitré Communauté;-1.192699;48.111464
CC;200039055;CC Ouche et Montagne;4.803512;47.293474
CC;200039063;CC Forêts,Seine et Suzon;5.015293;47.405891
CC;200039204;CC de Lacq-Orthez;-0.620784;43.373101
CC;200039519;CC du Quercy Blanc;1.340429;44.272025
CC;200039642;CC Le Tonnerrois en Bourgogne;3.987921;47.851171
CC;200039709;CC du Serein;4.006016;47.586215
CC;200039758;CC Avallon,Vézelay,Morvan;3.916561;47.487685
CC;200039808;CC des Gorges de l'Ardèche;4.389268;44.404127
CC;200039824;CC Ardèche des Sources et Volcans;4.217371;44.678665
CC;200039832;CC Pays des Vans en Cévennes;4.116195;44.388032
CA;200039857;CA du Pays de Grasse;6.939341;43.65356
MET;200039865;Metz Métropole;6.194897;49.108385
CC;200039907;CC du Sud Messin;6.224821;48.985957
CA;200039915;CA Cannes Pays de Lérins;7.004585;43.555468
CC;200039931;CC Alpes d'Azur;6.888719;43.95548
CC;200039949;CC Rives de Moselle;6.154495;49.212658
CC;200040038;CC Saône Doubs Bresse;5.020402;46.895985
CC;200040095;CC Isle Vern Salembre en Périgord;0.513806;45.144092
CC;200040111;CC Cœur de Chartreuse;5.756941;45.42186
CC;200040137;CC des Lacs de Champagne;4.531214;48.39371
CC;200040178;CC de l'Outre-Forêt;7.882992;48.939441
CC;200040202;CC Provence Verdon;5.959332;43.598989
CC;200040210;CC Lacs et Gorges du Verdon;6.223066;43.628697
CA;200040244;CA du Bocage Bressuirais;-0.478366;46.85769
CC;200040251;CC Bassée-Montois;3.124786;48.477428
CA;200040277;CA Agglo du Pays de Dreux;1.36554;48.745749
CC;200040293;CC du Clunisois;4.655858;46.433857
CC;200040350;CC Bugey Sud;5.688373;45.754371
CC;200040384;CC Isle Double Landais;0.150607;45.013803
CA;200040392;CA Le Grand Périgueux;0.711299;45.193338
CC;200040400;CC du Périgord Ribéracois;0.339832;45.239968
CC;200040418;CC du Pays de Serres en Quercy;1.117199;44.264326
CC;200040426;CC du Val de l'Oise;3.395747;49.781977
CA;200040442;CA Luberon Monts de Vaucluse;5.031757;43.848309
CA;200040459;CA Montélimar Agglomération;4.745639;44.553424
CC;200040475;CC Loué - Brûlon - Noyen;-0.153422;48.00333
CC;200040491;CC Porte de Drômardèche;4.820063;45.180818
CC;200040509;CC du Crestois et de Pays de Saillans Cœur de Drôme;5.056869;44.711276
CC;200040558;CC Écueillé-Valençay;1.561059;47.149185
CA;200040566;CA de l'Ouest Rhodanien;4.429772;45.9007
CC;200040574;CC Beaujolais Pierres Dorées;4.713041;45.945347
CA;200040590;CA Villefranche Beaujolais Saône;4.724382;45.985089
CC;200040624;CC Pays d'Apt-Luberon;5.376461;43.879407
CC;200040657;CC de la Matheysine;5.772184;44.928426
CC;200040681;CC Enclave des Papes-Pays de Grignan;4.986506;44.371583
MET;200040715;Grenoble-Alpes-Métropole;5.7243;45.182081
CC;200040764;CC du Sud Corse;9.27509;41.591047
CC;200040772;CC du Perche et Haut Vendômois;1.210773;47.895219
CC;200040798;CC Val Vanoise;6.643565;45.444651
CC;200040814;CC Briance Sud Haute Vienne;1.360187;45.690212
CC;200040830;CC du Pays de Fénelon;1.362225;44.952149
CC;200040889;CC de Portes Sud Périgord;0.396933;44.678925
CC;200040905;CC Carmausin-Ségala;2.166782;44.051744
CC;200040947;CC de Flandre Intérieure;2.535819;50.719034
CC;200040954;CC des Hauts de Flandre;2.435516;50.969038
CC;200041010;CC Cœur de Savoie;6.055837;45.502196
CC;200041051;CC Vallée de la Dordogne et Forêt Bessède;1.02905;44.8842
CC;200041150;CC Terrassonnais Haut Périgord Noir;1.304607;45.120657
CC;200041168;CC de la Vallée de l'Homme;1.032062;44.941625
CC;200041283;CC de la Plaine du Rhin;8.079937;48.859839
CA;200041317;CA du Niortais;-0.466291;46.327372
CC;200041325;CC du Pays Rhénan;7.9577;48.761615
CC;200041333;CC de Parthenay-Gâtine;-0.239971;46.644251
CC;200041366;CC Rhône Crussol;4.869182;44.929344
CC;200041416;CC Airvaudais-Val du Thouet;-0.150972;46.831566
CC;200041440;CC de Domme-Villefranche du Périgord;1.247374;44.750881
CC;200041465;CC Val Eyrieux;4.424503;44.906244
CC;200041499;CC Aunis Atlantique;-0.857091;46.227044
CA;200041507;CA La Riviera du Levant;-61.472339;16.229731
CC;200041515;CC du Bassin de Pont-à-Mousson;6.04734;48.91042
CC;200041523;CC de la Haute Saintonge;-0.427413;45.444416
CC;200041556;CC Portes de la Creuse en Marche;1.988789;46.342257
CC;200041572;CC Dronne et Belle;0.662133;45.372246
CC;200041614;CC Aunis Sud;-0.756848;46.103571
CC;200041622;CC Ardennes Thiérache;4.433528;49.878894
CA;200041630;CA Ardenne Métropole;4.71728;49.767639
CC;200041689;CC Vals de Saintonge Communauté;-0.520849;45.93997
CC;200041721;CC de la Haute Comté;6.317944;47.891554
CA;200041762;CA Rochefort Océan;-0.967748;45.94403
CA;200041788;CA du Pays Nord Martinique;-61.029497;14.813637
CC;200041853;CC du Pays de Montbozon et du Chanois;6.258785;47.464263
CC;200041861;CC du Triangle Vert;6.271144;47.690835
CC;200041879;CC Terres de Saône;6.029708;47.692694
CC;200041887;CC du Val Marnaysien;5.772888;47.294074
CC;200041960;CC Pévèle-Carembault;3.117747;50.520891
CC;200041994;CC Haut Val de Sèvre;-0.206353;46.413102
CC;200042000;CC Bruyères-Vallons des Vosges;6.71502;48.207997
CA;200042174;CA Lorient Agglomération;-3.378425;47.750687
CC;200042182;CC du Mont des Avaloirs;-0.204373;48.453323
CA;200042190;CA de la Porte du Hainaut;3.3955;50.367796
CC;200042372;CC des Coteaux Arrats Gimone;0.879493;43.624076
CC;200042414;CC Bresse Revermont 71;5.251228;46.738362
CC;200042463;CC de la Montagne Noire;2.377443;43.35153
CC;200042497;CC Dombes Saône Vallée;4.774112;45.942379
CC;200042604;CC de Granville,Terre et Mer;-1.57398;48.83071
CC;200042620;CC de la Région de Suippes;4.532133;49.125966
CC;200042646;CC Grand Orb communauté de communes en Languedoc;3.15926;43.614973
CC;200042653;CC Sud-Hérault;3.036843;43.374052
CC;200042703;CC de l'Argonne Champenoise;4.936022;49.099215
CC;200042729;CC de la Baie du Cotentin;-1.217626;49.309601
CC;200042901;CC Drôme Sud Provence;4.689504;44.357315
CA;200042935;CA Haut - Bugey Agglomération;5.638998;46.264295
CC;200042943;CC du Cap Corse;9.469256;42.774091
CC;200042992;CC Perthois-Bocage et Der;4.64535;48.627161
CC;200043016;CC Val de Charente;0.19643;46.028356
CC;200043065;CC du Val d'Amboise;0.952149;47.430616
CC;200043081;CC Chinon,Vienne et Loire;0.185875;47.212201
CC;200043123;CC Auray Quiberon Terre Atlantique;-2.990838;47.668099
CC;200043156;CC du Pays Rethélois;4.363489;49.498879
CA;200043172;CA du Bassin de Brive;1.517353;45.148038
CC;200043263;CC Cœur de l'Avesnois;3.928852;50.122767
CC;200043321;CC du Pays de Mormal;3.624064;50.250739
CC;200043354;CC de Villedieu Intercom;-1.238902;48.828156
CA;200043396;CA Maubeuge Val de Sambre;3.965341;50.284569
CC;200043404;CC du Sud Avesnois;4.052746;50.007446
CC;200043438;CC de la Moivre à la Coole;4.450151;48.88338
CA;200043495;CA du Pays de Laon;3.610652;49.615005
CC;200043602;CC des Albères,de la Côte Vermeille et de l'Illibéris;3.020314;42.548997
CC;200043628;CC des Vallées du Clain;0.370726;46.455154
CC;200043693;CC Terre Lorraine du Longuyonnais;5.59814;49.461942
CC;200043776;CC Pyrénées Audoises;2.16632;42.894498
CC;200043974;CC du Sud Gironde;-0.254091;44.497761
CC;200043982;CC du Bazadais;-0.216425;44.435195
CC;200043990;CC Vallons de Haute-Bretagne Communauté;-1.796941;47.963534
CC;200044014;CC Creuse Grand Sud;2.174535;45.948902
CC;200044030;CC des 7 Vallées;2.03826;50.373816
CC;200044048;CC Osartis Marquion;2.985556;50.328228
CC;200044253;CC du Bassin de Joinville en Champagne;5.142411;48.442392
CC;200044394;CC du Réolais en Sud Gironde;-0.043815;44.586532
CC;200044469;CC du Pays de Mirepoix;1.868526;43.101062
CA;200044618;CA Douaisis Agglo;3.094897;50.379896
CA;200044691;CA du Nord Grande Terre;-61.487411;16.421325
MET;200046977;Métropole de Lyon;4.835;45.758
CC;200048551;CC du Pays de Craon;-0.949298;47.842596
CA;200049187;CA du Grand Verdun;5.365593;49.153914
CC;200049211;CC Conflent-Canigó;2.429123;42.619497
CC;200049484;CC Berry Grand Sud;2.294844;46.630843
CC;200050532;CC de Petite-Terre;45.27895;-12.798133
MET;200054781;Métropole du Grand Paris;2.347;48.859
MET;200054807;Métropole d'Aix-Marseille-Provence;5.405;43.282
CC;200055481;CC Beauce Val de Loire;1.509282;47.713069
CA;200055655;CA Roissy Pays de France;2.513436;48.997813
CC;200055887;CC Mayenne Communauté;-0.617261;48.303387
CA;200056232;CA Communauté Paris-Saclay;2.190814;48.694549
CA;200056380;CA Plaine Vallée;2.322064;48.989429
CA;200057859;CA Cœur d'Essonne Agglomération;2.327655;48.639041
EPT;200057867;Plaine Commune;2.361465;48.927213
EPT;200057875;Est Ensemble;2.438056;48.884085
EPT;200057941;Paris-Est-Marne et Bois;2.521265;48.817209
CA;200057958;CA Paris - Vallée de la Marne;2.644456;48.846278
EPT;200057966;Vallée Sud Grand Paris;2.29783;48.751021
EPT;200057974;Grand Paris Seine Ouest;2.233989;48.803633
EPT;200057982;Paris Ouest La Défense;2.202314;48.898095
EPT;200057990;Boucle Nord de Seine;2.294231;48.93113
EPT;200058006;Grand Paris Sud Est Avenir;2.452976;48.784506
EPT;200058014;Grand-Orly Seine Bièvre;2.39571;48.789495
EPT;200058097;Paris Terres d'Envol;2.497929;48.940735
CC;200058360;CC Entre Beauce et Perche;1.224246;48.300896
CA;200058477;CA Val d'Yerres Val de Seine;2.504827;48.695959
CA;200058485;CA Val Parisis;2.192575;49.013374
CA;200058519;CA Saint Germain Boucles de Seine;2.102303;48.892587
CA;200058782;CA de Saint-Quentin-en-Yvelines;1.993009;48.778249
EPT;200058790;Grand Paris - Grand Est;2.551491;48.840106
CA;200059228;CA Grand Paris Sud Seine Essonne Sénart;2.433066;48.627362
CC;200059392;CC Bièvre Isère;5.343955;45.34068
CC;200059400;CC Porte Océane du Limousin;0.893218;45.896572
CC;200059871;CC du Centre-Ouest;45.123468;-12.792321
CU;200059889;CU Grand Paris Seine et Oise;1.851264;48.959359
CA;200060010;CA Mauges Communauté;-0.982956;47.203865
CA;200060457;CA de Dembeni/Mamoudzou;45.200869;-12.797599
CA;200060465;CA du Grand Nord de Mayotte;45.12195;-12.709664
CC;200060473;CC du Sud;45.185123;-12.918065
CC;200065563;CC Normandie-Cabourg-Pays d'Auge;-0.089009;49.283366
CC;200065589;CC Val ès Dunes;-0.159707;49.134291
CU;200065597;CU Caen la Mer;-0.37193;49.184316
CA;200065647;CA Pays de Montbéliard Agglomération;6.794689;47.508197
CC;200065787;CC de Pont-Audemer / Val de Risle;0.526847;49.348034
CA;200065886;CA Loire Forez Agglomération;4.069547;45.604196
CC;200065894;CC de Forez-Est;4.21671;45.736781
CA;200065928;CA Lannion-Trégor Communauté;-3.468934;48.746463
CA;200066009;CA Mulhouse Alsace Agglomération;7.326517;47.751678
CC;200066017;CC Lieuvin Pays d'Auge;0.438756;49.134114
CC;200066025;CC Pays Rhin - Brisach;7.547495;48.01983
CC;200066033;CC Sud Alsace Largue;7.121907;47.628583
CC;200066041;CC Sundgau;7.241581;47.621808
CA;200066058;CA Saint-Louis Agglomération;7.551233;47.599505
CC;200066108;CC des Portes de Meuse;5.271368;48.539774
CC;200066116;CC Argonne-Meuse;5.09999;49.117503
CA;200066124;CA Gaillac-Graulhet;1.890514;43.910024
CC;200066132;CC du Pays de Stenay et du Val Dunois;5.188369;49.495764
CC;200066140;CC de l'Aire à l'Argonne;5.217391;48.964116
CC;200066157;CC de Commercy - Void - Vaucouleurs;5.588862;48.758768
CC;200066165;CC Val de Meuse - Voie Sacrée;5.427982;49.068036
CC;200066173;CC de Damvillers Spincourt;5.708777;49.337146
CC;200066223;CC Arize Lèze;1.412185;43.178665
CC;200066231;CC des Portes d'Ariège Pyrénées;1.621909;43.128321
CC;200066280;CC du Pithiverais;2.205908;48.18552
CC;200066322;CC Terres des Confluences;1.131789;44.048158
CC;200066330;CC Terres du Haut Berry;2.56442;47.194572
CC;200066348;CC du Minervois au Caroux;2.758231;43.485829
CA;200066355;CA Sète Agglopôle Méditerranée;3.755072;43.443309
CC;200066363;CC de la Haute Ariège;1.763828;42.76234
CC;200066371;CC Causses et Vallée de la Dordogne;1.47181;44.905473
CA;200066389;CA Saint-Lô Agglo;-1.080464;49.113958
CC;200066405;CC Roumois Seine;0.809524;49.34744
CC;200066413;CC Intercom Bernay Terres de Normandie;0.595349;49.089442
CC;200066462;CC Interco Normandie Sud Eure;0.893475;48.758912
CC;200066512;CC Élan Limousin Avenir Nature;1.38996;45.958437
CC;200066520;CC Ouest Limousin;0.847724;45.684013
CC;200066553;CC des Monts de Lacaune et de la Montagne du Haut Languedoc;2.692335;43.703218
CC;200066561;CC Sidobre Vals et Plateaux;2.452371;43.617864
CC;200066587;CC des Monts du Lyonnais;4.44545;45.647037
CC;200066603;CC du Pays de Lubersac-Pompadour;1.402089;45.450444
CC;200066637;CC Hautes Terres Communauté;2.857375;45.123661
CC;200066645;CC Vézère-Monédières-Millesources;1.803093;45.551293
CC;200066652;CC Grand Sud Tarn et Garonne;1.346276;43.920186
CC;200066660;CC Saint-Flour Communauté;3.07272;45.02387
CC;200066678;CC de la Châtaigneraie Cantalienne;2.327104;44.849325
CC;200066710;CC Cingal-Suisse Normande;-0.509414;48.986868
CC;200066728;CC Vallées de l'Orne et de l'Odon;-0.502095;49.098578
CC;200066744;CC Haute-Corrèze Communauté;2.302932;45.553373
CC;200066751;CC Xaintrie Val'Dordogne;1.930863;45.120673
CC;200066769;CC Midi Corrézien;1.831088;44.999981
CC;200066777;CC Ploërmel Communauté;-2.375543;47.914472
CC;200066785;CC de l'Oust à Brocéliande;-2.387875;47.80821
CA;200066793;CA du Grand Annecy;6.125296;45.901584
CC;200066801;CC Isigny-Omaha Intercom;-0.883237;49.229078
CC;200066819;CC du Volvestre;1.218949;43.31084
CC;200066827;CC du Pays de Honfleur-Beuzeville;0.22466;49.409689
CC;200066835;CC de Sézanne-Sud Ouest Marnais;3.811932;48.584523
CC;200066850;CC des Paysages de la Champagne;3.642183;49.070057
CC;200066868;CC Presqu'île de Crozon-Aulne maritime;-4.469928;48.238888
CA;200066876;CA de Châlons-en-Champagne;4.368278;48.955254
CC;200066884;CC Quercy Vert-Aveyron;1.5463;44.06457
CC;200066892;CC de Vendeuvre-Soulaines;4.729486;48.374371
CA;200066918;CA Alès Agglomération;4.089292;44.125446
CA;200066926;CA Grand Auch Cœur de Gascogne;0.57082;43.656961
CC;200066975;CC Senlis Sud Oise;2.587679;49.207336
CC;200067023;CC Coutances Mer et Bocage;-1.445325;49.054264
CC;200067031;CC Côte Ouest Centre Manche;-1.585166;49.296941
CC;200067049;CC Spelunca-Liamone;8.726047;42.146693
CC;200067064;CC Decazeville Communauté;2.257289;44.566998
CC;200067072;CC Haut-Léon Communauté;-3.988221;48.674484
CC;200067080;CC Chablis Villages et Terroirs;3.795666;47.817079
CA;200067106;CA du Pays Basque;-1.466564;43.488544
CA;200067114;CA de l'Auxerrois;3.579905;47.791247
CC;200067122;CC Coteaux et Plaines du Pays Lafrançaisain;1.239805;44.13288
CC;200067130;CC de Puisaye-Forterre;3.081064;47.645989
CC;200067155;CC Saint Affricain,Roquefort,Sept Vallons;2.800399;43.919118
CC;200067163;CC Monts,Rance et Rougier;2.750651;43.826101
CC;200067171;CC Aubrac,Carladez et Viadène;2.857427;44.681444
CC;200067189;CC Creuse Sud Ouest;1.708521;45.997764
CC;200067197;CC Monts d'Arrée Communauté;-3.845234;48.333696
CA;200067205;CA du Cotentin;-1.626864;49.634418
CU;200067213;CU du Grand Reims;4.055595;49.250948
CC;200067239;CC des Luys en Béarn;-0.363268;43.375742
CC;200067247;CC Pleyben-Châteaulin-Porzay;-4.076463;48.207978
CA;200067254;CA Pau Béarn Pyrénées;-0.343106;43.313159
CC;200067262;CC du Haut-Béarn;-0.610248;43.178857
CC;200067288;CC du Béarn des Gaves;-0.920134;43.471177
CC;200067296;CC du Nord Est Béarn;-0.276282;43.34031
CC;200067304;CC Serein et Armance;3.727625;47.998713
CC;200067320;CC Serre-Ponçon Val d'Avance;6.207773;44.563447
CA;200067346;CA Pornic Agglo Pays de Retz;-2.054329;47.123874
CC;200067361;CC Grand-Figeac;2.02419;44.609226
CC;200067379;CC Côtes de Champagne et Val de Saulx;4.915456;48.785617
CC;200067429;CC Haut Nivernais-Val d'Yonne;3.509987;47.460112
CA;200067437;CA Provence-Alpes-Agglomération;6.242589;44.089291
CC;200067445;CC Buëch-Dévoluy;5.833089;44.551832
CC;200067452;CC du Guillestrois et du Queyras;6.64281;44.661765
CC;200067460;CC Loudéac Communauté - Bretagne Centre;-2.753746;48.172261
CC;200067478;CC Comtal Lot et Truyère;2.759223;44.520122
CC;200067486;CC Bouzonvillois-Trois Frontières;6.535764;49.29773
CA;200067502;CA Saint-Avold Synergie;6.708784;49.127888
CC;200067544;CC Creuse Confluence;2.206008;46.362639
CA;200067551;CA Thonon Agglomération;6.478152;46.3759
CC;200067593;CC Marche et Combraille en Aquitaine;2.505787;46.02681
CC;200067627;CC Billom Communauté;3.328811;45.727659
CA;200067635;CA Clisson Sèvre et Maine Agglo;-1.271062;47.092445
CC;200067643;CC Meurthe Mortagne Moselle;6.407418;48.557103
CC;200067650;CC Houve-Pays Boulageois;6.494882;49.17479
CC;200067668;CC de la Cléry,du Betz et de l'Ouanne;2.923771;47.926396
CC;200067676;CC Canaux et Forêts en Gâtinais;2.498511;47.87563
CA;200067684;CA Épernay,Coteaux et Plaine de Champagne;3.960527;49.040236
CC;200067692;CC Tannay-Brinon-Corbigny;3.688203;47.252609
CC;200067700;CC Sud Nivernais;3.45666;46.817975
CC;200067742;CC Serre-Ponçon;6.484718;44.568046
CC;200067759;CC Vallées et Plateau d'Ardenne;4.54755;49.918636
CC;200067767;CC du Royans-Vercors;5.292319;45.014603
CC;200067783;CC de Hanau-La Petite Pierre;7.472542;48.82292
CA;200067791;CA Pays Foix-Varilhes;1.607355;42.968777
CC;200067817;CC Saône-Beaujolais;4.724347;46.121524
CA;200067825;CA Gap-Tallard-Durance;6.077989;44.544606
CC;200067841;CC de l'Alsace Bossue;7.087813;48.937843
CC;200067866;CC Sèvre et Loire;-1.267176;47.175229
CA;200067874;CA de Haguenau;7.774191;48.821115
CC;200067882;CC Bazois Loire Morvan;3.815394;46.989192
CC;200067890;CC Morvan Sommets et Grands Lacs;3.933387;47.066514
CC;200067908;CC Amognes Cœur du Nivernais;3.395899;46.999801
CC;200067916;CC Cœur de Loire;2.93582;47.407726
CC;200067924;CC du Canton d'Erstein;7.595545;48.371893
CA;200067932;CA Golfe du Morbihan - Vannes Agglomération;-2.752192;47.659971
CC;200067940;CC Couserans-Pyrénées;1.135898;42.995096
CC;200067957;CC Haut Chemin-Pays de Pange;6.350386;49.083818
CA;200067965;CA de la Région de Compiègne et de la Basse Automne;2.844366;49.405934
CC;200067973;CC Thelloise;2.277336;49.23076
CA;200067981;CA Guingamp-Paimpol Agglomération de l'Armor à l'Argoat;-3.153394;48.560722
CA;200067999;CA du Beauvaisis;2.087073;49.439897
CC;200068005;CC de l'Oise Picarde;2.286767;49.632278
CA;200068047;CA Creil Sud Oise;2.478561;49.257474
CC;200068070;CC Loue-Lison;6.14677;47.112259
CC;200068088;CC Les Bertranges;3.031527;47.182338
CC;200068096;CC Champsaur-Valgaudemar;6.091089;44.688163
CA;200068104;CA de la Provence Verte;6.073101;43.406245
CC;200068112;CC du Pays de Saverne;7.369851;48.739971
CA;200068120;CA Quimper Bretagne Occidentale;-4.093145;47.998749
CC;200068146;CC Sarrebourg Moselle Sud;7.053576;48.73485
CC;200068229;CC des Baronnies en Drôme Provençale;5.150534;44.521052
CC;200068278;CC Berry Loire Puisaye;2.729558;47.639161
CC;200068294;CC des Deux Vallées Vertes;6.499961;47.389455
CC;200068369;CC de Mirecourt Dompaire;6.134121;48.301026
CC;200068377;CC de la Porte des Vosges Méridionales;6.613829;48.032213
CC;200068435;CC Cœur du Perche;0.761443;48.437346
CC;200068443;CC Andaine - Passais;-0.534485;48.521425
CC;200068450;CC Argentan Intercom;-0.013024;48.729955
CC;200068468;CC des Pays de L'Aigle;0.613716;48.760561
CC;200068484;CC des Causses à l'Aubrac;2.86969;44.412036
CA;200068500;CA de Cambrai;3.240712;50.172628
CC;200068534;CC Terroir de Caux;1.002384;49.793665
CC;200068542;CC Les Balcons du Dauphiné;5.435969;45.700858
CC;200068559;CC de l'Ouest Vosgien;5.692799;48.35647
CC;200068567;CC Les Vals du Dauphiné;5.446328;45.574105
CC;200068625;CC Alpes-Provence-Verdon - Sources de Lumière;6.506041;43.958336
CA;200068641;CA Le Muretain Agglo;1.298368;43.446371
CA;200068658;CA de Chaumont;5.129976;48.104307
CA;200068666;CA de Saint-Dizier Der et Blaise;4.956891;48.638139
CA;200068674;CA Grand Lac;5.9099;45.689927
CC;200068682;CC Terre d'Eau;5.833656;48.20721
CA;200068757;CA d'Épinal;6.484474;48.170059
CC;200068765;CC du Sisteronais-Buëch;5.935608;44.20371
CC;200068773;CC des Vosges côté Sud Ouest;6.045338;48.08649
CA;200068781;CA Valence Romans Agglo;4.923073;44.921214
CC;200068799;CC Intercom de la Vire au Noireau;-0.87791;48.826645
CC;200068807;CC du Bassin Auterivain Haut-Garonnais;1.47788;43.352779
CC;200068815;CC Cœur de Garonne;1.094539;43.220384
CC;200068831;CC Pays Ségali Communauté;2.449364;44.277486
CC;200068856;CC des Hauts du Perche;0.785111;48.539858
CC;200068864;CC de la Mossig et du Vignoble;7.442063;48.638722
CC;200068872;CC Éguzon - Argenton - Vallée de la Creuse;1.496044;46.580769
CC;200068880;CC Champagne Boischauts;1.821849;47.062353
CC;200068914;CC La Rochefoucauld porte du Périgord;0.504569;45.668521
CC;200068922;CC du Confluent et des Coteaux de Prayssas;0.364287;44.2974
CC;200068930;CC Fumel Vallée du Lot;0.976313;44.512514
CC;200068948;CC Albret Communauté;0.346004;44.134193
CC;200068955;CC Anjou Loir et Sarthe;-0.443205;47.629085
CC;200068963;CC Maine Cœur de Sarthe;0.220744;48.102707
CA;200068989;CA Dinan Agglomération;-2.053922;48.446574
CA;200068997;CA Arlysère;6.396774;45.671004
CC;200069003;CC du Barséquanais en Champagne;4.373904;48.111545
CA;200069029;CA des Deux Baies en Montreuillois;1.764471;50.464284
CA;200069037;CA du Pays de Saint-Omer;2.253257;50.736072
CA;200069052;CA Grand Belfort;6.857469;47.640938
CC;200069060;CC des Vosges du Sud;6.920303;47.720244
CC;200069086;CC Leff Armor Communauté;-2.989926;48.632485
CC;200069094;CC Isle et Crempse en Périgord;0.362991;45.029075
CC;200069102;CC Randon - Margeride;3.479777;44.635894
CA;200069110;CA du Grand Chambéry;5.909299;45.583223
CC;200069128;CC Mont Lozère;3.668961;44.504634
CC;200069136;CC des Cévennes au Mont Lozère;3.928428;44.249733
CC;200069144;CC des Hautes Terres de l'Aubrac;3.272288;44.694586
CC;200069151;CC Gorges Causses Cévennes;3.596087;44.326946
CC;200069169;CC Dômes Sancy Artense;2.807032;45.67426
CC;200069177;CC Mond'Arverne Communauté;3.16606;45.6769
CC;200069185;CC des Terres d'Apcher-Margeride-Aubrac;3.282889;44.813895
CC;200069193;CC de la Dombes;4.95847;46.128374
CC;200069227;CC Pays Fort Sancerrois Val de Loire;2.826199;47.32883
CC;200069235;CC du Haut Pays du Montreuillois;2.141453;50.512787
CA;200069250;CA Troyes Champagne Métropole;4.075149;48.292817
CC;200069268;CC Aubrac Lot Causses Tarn;3.212507;44.442182
CA;200069300;CA Tarbes-Lourdes-Pyrénées;0.022658;43.199671
CC;200069383;CC Ouest Aveyron Communauté;2.033528;44.349718
CA;200069391;CA Lamballe Terre et Mer;-2.514652;48.4918
CA;200069409;CA Saint-Brieuc Armor Agglomération;-2.766074;48.508238
CC;200069417;CC Pays d'Orthe et Arrigans;-1.111896;43.554086
CA;200069425;CA Mont-Saint-Michel-Normandie;-1.345577;48.675387
CC;200069433;CC de Vezouze en Piémont;6.843303;48.590351
CC;200069441;CC du Pays de Bitche;7.444178;49.047606
CC;200069458;CC des Vallées d'Auge et du Merlerault;0.196359;48.926415
CC;200069482;CC des Campagnes de l'Artois;2.528371;50.277462
CC;200069516;CC Seulles Terre et Mer;-0.55953;49.277336
CC;200069524;CC Pré-Bocage Intercom;-0.632639;48.993381
CA;200069532;CA Lisieux Normandie;0.24235;49.145843
CC;200069540;CC Norge et Tille;5.096778;47.398191
CC;200069565;CC des Lacs et Montagnes du Haut-Doubs;6.371215;46.792252
CC;200069581;CC Convergence Garonne;-0.357102;44.648448
CC;200069599;CC Rurales de l'Entre-deux-Mers;-0.08149;44.694921
CC;200069615;CC Bresse Haute Seille;5.446681;46.74261
CC;200069623;CC Champagnole Nozeroy Jura;5.907182;46.745512
CC;200069631;CC Terres de Chalosse;-0.838897;43.706722
CC;200069649;CC Chalosse Tursan;-0.56532;43.7598
CC;200069656;CC Cœur Haute Lande;-0.73341;44.137882
CC;200069664;CC Meuse Rognon;5.55523;48.21219
CC;200069672;CC du Ternois;2.328802;50.358451
CC;200069698;CC Mâconnais - Tournugeois;4.897479;46.564825
CC;200069722;CC Interrégionale Aumale - Blangy-sur-Bresle;1.626011;49.92377
CC;200069730;CC des 4 Rivières;1.714086;49.482734
CC;200069748;CC Val de Gâtine;-0.386298;46.47657
CC;200069755;CC Mellois en Poitou;-0.148103;46.205106
CC;200069763;CC du Haut-Poitou;0.251724;46.679668
CA;200069821;CA Fécamp Caux Littoral Agglomération;0.396705;49.750369
CC;200069839;CC de la Côte d'Albâtre;0.63431;49.78241
CC;200069847;CC Plateau de Caux-Doudeville-Yerville;0.784482;49.725499
CU;200069854;CU du Grand Poitiers;0.356849;46.586616
CC;200069912;CC des Forêts du Perche;1.043811;48.561143
CC;200069953;CC des Portes Euréliennes d'Île-de-France;1.67613;48.599978
CC;200069961;CC du Grand Châteaudun;1.321879;48.075108
CC;200069995;CC Médoc Cœur de Presqu'île;-0.759512;45.201778
CC;200070035;CC du Civraisien en Poitou;0.29526;46.144236
CC;200070043;CC Vienne et Gartempe;0.865728;46.429425
CC;200070068;CC Communauté Bray-Eawy;1.44597;49.731987
CA;200070092;CA du Libournais;-0.227374;44.921243
CC;200070100;CC du Val de Sully;2.383653;47.797345
CC;200070118;CC Val de Saône Centre;4.796298;46.093709
CC;200070126;CC Seine et Aube;3.892437;48.510355
CC;200070142;CC Lyons Andelle;1.380615;49.378944
CC;200070159;CC Cœur de Beauce;1.844687;48.189814
CC;200070167;CC Terres de Perche;1.026287;48.475128
CC;200070183;CC des Terres du Val de Loire;1.699355;47.83511
CA;200070233;CA Terres de Montaigu;-1.292128;46.979292
CC;200070282;CC Lavalette Tude Dronne;0.146058;45.405815
CC;200070290;CC Coeur du Pays Haut;5.894472;49.369477
CA;200070308;CA Mâconnais Beaujolais Agglomération;4.810857;46.323354
CC;200070316;CC Entre Arroux,Loire et Somme;4.057848;46.594633
CC;200070324;CC du Territoire de Lunéville à Baccarat;6.497808;48.593492
CC;200070332;CC des Savoir-Faire;5.614817;47.784485
CC;200070340;CC Haute Maurienne Vanoise;6.664194;45.194019
CC;200070365;CC Corbières Salanque Méditerranée;2.944109;42.759565
CC;200070373;CC Loir-Lucé-Bercé;0.421047;47.696208
CA;200070407;CA Agglo Pays d'Issoire;3.24313;45.542007
CC;200070431;CC Saint-Marcellin Vercors Isère Communauté;5.315641;45.146037
CC;200070449;CC Inter-Caux-Vexin;1.341072;49.586782
CC;200070464;CC Cœur de Maurienne Arvan;6.347847;45.267964
CC;200070506;CC Pays de Nexon Monts de Chalus;1.171877;45.668968
CA;200070514;CA du Grand Cognac;-0.335869;45.696416
CC;200070530;CC du Grand Autunois Morvan;4.304399;46.938842
CC;200070548;CC Brionnais Sud Bourgogne;4.340862;46.204626
CC;200070555;CC de la Veyle;4.886104;46.262411
CC;200070563;CC Terres Touloises;5.85236;48.67476
CC;200070571;CC Cœur de Berry;2.061915;47.13572
CC;200070589;CC de Seille et Grand Couronné;6.347968;48.742211
CA;200070647;CA Bergeracoise;0.482291;44.851436
CC;200070662;CC Bretagne porte de Loire Communauté;-1.674757;47.835904
CC;200070670;CC du Pays de Dol et de la Baie du Mont Saint-Michel;-1.744722;48.535703
CC;200070688;CC Couesnon Marches de Bretagne;-1.348829;48.395804
CC;200070712;CC Thiers Dore et Montagne;3.538758;45.864766
CC;200070720;CC Médoc Atlantique;-1.112935;45.499333
CC;200070738;CC Mad et Moselle;5.865938;48.95236
CA;200070746;CA Sarreguemines Confluences;7.07705;49.110922
CA;200070753;CA Riom Limagne et Volcans;3.114167;45.891484
CC;200070761;CC Ambert Livradois Forez;3.745486;45.549591
CC;200070779;CC Brie des Rivières et Châteaux;2.795059;48.507883
CC;200070787;CC du Plateau de Lannemezan;0.392453;43.124965
CC;200070795;CC du Pays de Trie et du Magnoac;0.363172;43.314141
CC;200070803;CC des Coteaux du Val d'Arros;0.2459;43.18401
CC;200070811;CC Pyrénées Vallées des Gaves;-0.094269;43.005379
CC;200070829;CC Neste Barousse;0.481278;43.084025
CC;200070845;CC Orne Lorraine Confluences;5.974835;49.210679
CC;200070852;CC Usses et Rhône;5.844396;45.958798
CC;200070894;CC de Gevrey-Chambertin et de Nuits-Saint-Georges;4.942686;47.145451
CC;200070902;CC Auxonne Pontailler Val de Saône;5.406248;47.195635
CC;200070910;CC Tille et Venelle;5.184181;47.586253
CC;200070928;CC Terre de Picardie;2.817457;49.86475
CC;200070936;CC Ponthieu-Marquenterre;1.662978;50.276655
CC;200070944;CC du Vimeu;1.542608;50.085648
CC;200070951;CC du Territoire Nord Picardie;2.351045;50.16229
CC;200070969;CC Avre Luce Noye;2.474414;49.778513
CC;200070977;CC du Grand Roye;2.570061;49.646548
CC;200070985;CC de l'Est de la Somme;3.049545;49.735269
CA;200070993;CA de la Baie de Somme;1.828902;50.105799
CC;200071017;CC des Terres d'Auxois;4.339161;47.490924
CC;200071025;CC Haute-Provence-Pays de Banon;5.751421;43.935956
CC;200071033;CC Jabron-Lure-Vançon-Durance;5.983669;44.158998
CC;200071041;CC du Chaourçois et du Val d'Armance;3.933529;48.060334
CC;200071058;CC Les Avant-Monts;3.217137;43.471193
CA;200071066;CA de Saint-Dié-des-Vosges;6.940983;48.294697
CC;200071074;CC Les Portes de l'Ile de France;1.598916;49.041365
CA;200071082;CA Montluçon Communauté;2.605232;46.342257
CA;200071116;CA ECLA  (Espace Communautaire Lons Agglomération);5.559875;46.677623
CA;200071140;CA Moulins Communauté;3.327856;46.55907
CA;200071165;CA Les Sables d'Olonne Agglomération;-1.765848;46.524364
CC;200071173;CC du Pays Arnay Liernais;4.480671;47.127932
CC;200071181;CC Somme Sud-Ouest;1.97873;49.76684
CC;200071199;CC Plaine Limagne;3.207137;46.01552
CC;200071207;CC de Pouilly-en-Auxois/Bligny-sur-Ouche;4.551524;47.264842
CC;200071215;CC Chavanon Combrailles et Volcans;2.677963;45.865571
CC;200071223;CC Nièvre et Somme;2.071713;50.015907
CC;200071298;CC des Terres du Lauragais;1.7192;43.401209
CC;200071314;CC des Hauts Tolosans;1.289286;43.764143
CA;200071363;CA Vichy Communauté;3.428457;46.130925
CC;200071371;CC Bresse et Saône;4.932008;46.308312
CC;200071389;CC Saint-Pourçain Sioule Limagne;3.304564;46.31158
CC;200071405;CC Ardèche Rhône Coiron;4.765935;44.66121
CA;200071413;CA Privas Centre Ardèche;4.594533;44.728085
CA;200071454;CA Evreux Portes de Normandie;1.146898;49.020599
CC;200071470;CC Entr'Allier Besbre et Loire;3.40578;46.319418
CC;200071496;CC du Bocage Bourbonnais;3.051596;46.584104
CC;200071504;CC des Collines du Perche Normand;0.70313;48.287849
CC;200071512;CC Commentry Montmarault Néris Communauté;2.749455;46.274736
CC;200071520;CC Domfront Tinchebray Interco;-0.72782;48.729944
CC;200071538;CC Terres de Bresse;4.992605;46.559193
CC;200071546;CC Sud Retz Atlantique;-1.814821;47.004698
CC;200071553;CC Loire Layon Aubance;-0.755571;47.396984
CC;200071579;CC Bresse Louhannaise Intercom';5.236075;46.633783
CC;200071587;CC Loches Sud Touraine;0.981626;47.122152
CC;200071595;CC Arbois,Poligny,Salins,Cœur du Jura;5.701847;46.840361
CC;200071629;CC Challans-Gois Communauté;-1.941586;46.872042
CC;200071645;CC Saint Cyr Mère Boitier entre Charolais et Mâconnais;4.531041;46.330596
CC;200071652;CC du Pays Fertois et du Bocage Carrougien;-0.149905;48.56718
CA;200071678;CA Agglomération du Choletais;-0.875399;47.036408
CA;200071751;CA du Bassin de Bourg-en-Bresse;5.241985;46.206576
CC;200071769;CC Picardie des Châteaux;3.448584;49.490747
CC;200071777;CC d'Arcis,Mailly,Ramerupt;4.144911;48.534489
CA;200071785;CA Chauny-Tergnier-La Fère;3.2196;49.616374
CC;200071819;CC du Périgord Nontronnais;0.684533;45.536866
CA;200071827;CA du Grand Angoulême;0.148409;45.644018
CC;200071843;CC du Vexin Normand;1.62229;49.311906
CC;200071850;CC du Pithiverais-Gâtinais;2.429108;48.072982
CC;200071868;CC des Vallées du Haut-Anjou;-0.741338;47.630882
CA;200071876;CA Saumur Val de Loire;-0.081943;47.262475
CC;200071884;CC Le Grand Charolais;4.111077;46.450413
CA;200071892;CA du Saint-Quentinois;3.28745;49.847398
CC;200071900;CC Vendée Grand Littoral;-1.634293;46.470982
CC;200071918;CC du Pays de Saint-Fulgent - Les Essarts;-1.171213;46.87168
CC;200071926;CC du Limouxin;2.237853;43.049781
CC;200071934;CC Pays de Fontenay-Vendée;-0.794159;46.459821
CC;200071942;CC Haut Limousin en Marche;1.059174;46.115276
CC;200071967;CC Pays d'Évian Vallée d'Abondance;6.54194;46.392648
CC;200071983;CC Thiérache Sambre et Oise;3.628179;49.901511
CC;200071991;CC Retz-en-Valois;3.088746;49.250899
CC;200072007;CC de la Montagne d'Ardèche;3.967776;44.798908
CA;200072015;CA Annonay Rhône Agglo;4.697648;45.253235
CC;200072023;CC Cœur de Charente;0.190273;45.792314
CA;200072031;CA de la Région de Château-Thierry;3.413611;49.033568
CC;200072049;CC de Charente Limousine;0.663175;46.027128
CC;200072056;CC Porte du Jura;5.378708;46.533486
CC;200072064;CC Val-de-Cher-Controis;1.381586;47.444557
CA;200072072;CA Territoires Vendômois;1.064293;47.795343
CC;200072080;CC du Pays de Saint-Éloy;2.843128;46.161017
CC;200072098;CC Combrailles Sioule et Morge;2.937109;45.946197
CC;200072106;CC Adour Madiran;0.052102;43.385428
CA;200072130;CA du Pays de Meaux;2.902726;48.959287
CC;200072304;CC Vallée de l'Ubaye - Serre-Ponçon;6.647318;44.387029
CA;200072312;CA Seine Normandie Agglomération;1.494472;49.089623
CC;200072320;CC Val de Gers;0.575126;43.492677
CA;200072346;CA du Pays de Fontainebleau;2.70278;48.40781
CA;200072452;CA Fougères Agglomération;-1.148804;48.324112
CA;200072460;CA de Béthune-Bruay,Artois-Lys Romane;2.646031;50.528207
CC;200072478;CC Pays d'Opale;1.871529;50.875394
CC;200072544;CC des Deux Morin;3.301542;48.787408
CC;200072635;CC Pyrénées Haut Garonnaises;0.579931;43.07154
CC;200072643;CC Cœur et Coteaux du Comminges;0.727303;43.120066
CC;200072650;CC Touraine Vallée de l'Indre;0.697985;47.232729
CC;200072668;CC Touraine Val de Vienne;0.398984;47.161241
CC;200072676;CC Maine Saosnois;0.323925;48.253771
CC;200072684;CC Le Gesnois Bilurien;0.413168;48.056816
CC;200072692;CC des Vallées de la Braye et de l'Anille;0.748865;47.919483
CC;200072700;CC Haute Sarthe Alpes Mancelles;0.083762;48.285129
CC;200072718;CC de la Champagne Conlinoise et du Pays de Sillé;-0.006033;48.119952
CC;200072726;CC Châteaubriant-Derval;-1.38662;47.715385
CC;200072734;CC Estuaire et Sillon;-1.928814;47.354975
CC;200072825;CC Mirebellois et Fontenois;5.317778;47.399125
CC;200072874;CC Val Briard;2.841561;48.740863
CC;200072882;CC de Vie et Boulogne;-1.501035;46.76567
CC;200072981;CC Touraine Ouest Val de Loire;0.375398;47.443896
CC;200072999;CC du Grand Langres;5.336322;47.857419
CC;200073013;CC Carnelle Pays-de-France;2.428379;49.112364
CA;200073096;CA Arche Agglo;4.810236;45.031778
CC;200073104;CC de l'Île-Rousse - Balagne;8.93662;42.632397
CC;200073112;CC Sud Sarthe;0.258579;47.68904
CC;200073120;CC Nebbiu - Conca d'Oro;9.33315;42.645797
CC;200073138;CC Pasquale Paoli;9.192627;42.38217
CC;200073146;CC Cagire Garonne Salat;0.945969;43.081134
CC;200073161;CC Touraine-Est Vallées;0.841776;47.382915
CC;200073237;CC de Gâtine et Choisilles - Pays de Racan;0.632785;47.491701
CC;200073245;CC du Bassin d'Aubenas;4.386687;44.6416
CC;200073252;CC de la Castagniccia-Casinca;9.460038;42.51137
CC;200073260;CC Sud Vendée Littoral;-1.163707;46.459993
CA;200073344;CA Rambouillet Territoires;1.834091;48.642496
CC;200073393;CC des Rives du Haut-Allier;3.47985;45.077116
CC;200073401;CC Mézenc-Loire-Meygal;4.078218;45.027726
CA;200073419;CA du Puy-en-Velay;3.899202;45.030881
CC;200073427;CC Marches du Velay-Rochebaron;4.184792;45.292442
CA;200077014;CA Vienne Condrieu;4.88366;45.526486
CA;200083392;CA Laval Agglomération;-0.772562;48.061435
CU;200084952;CU Le Havre Seine Métropole;0.129995;49.507345
CC;200085728;CC Brioude Sud Auvergne;3.381042;45.297811
CC;200085751;CC Entre Bièvre et Rhône;4.784796;45.390609
CA;200089456;CA Seine-Eure;1.158223;49.216072
CA;200090504;CA Coulommiers Pays de Brie;3.091044;48.813852
CC;200090561;CC Vierzon-Sologne-Berry;2.07905;47.224288
CC;200090579;CC Terre d'Émeraude Communauté;5.606552;46.52137
CA;200090751;CA Grand Calais Terres et Mers;1.866112;50.951564
MET;200093201;Métropole Européenne de Lille;3.045433;50.630992
MET;200093201;Métropole Européenne de Lille;3.045433;50.630992
MET;200093201;Métropole Européenne de Lille;3.045433;50.630992
CC;200096683;CC Centre Morbihan Communauté;-2.83516;47.880789
CA;200096956;CA Agglomération d'Agen;0.631041;44.202304
CA;200096956;CA Agglomération d'Agen;0.631041;44.202304
CC;240100610;CC de la Côtière à Montluel;5.030131;45.884132
CA;240100750;CA du Pays de Gex;6.066541;46.337184
CC;240100800;CC de Miribel et du Plateau;4.946171;45.83395
CC;240100883;CC de la Plaine de l'Ain;5.257718;45.896317
CC;240100891;CC du Pays Bellegardien (CCPB);5.804017;46.127962
CC;240200444;CC de la Thiérache du Centre;3.903313;49.977749
CC;240200469;CC du Pays de la Serre;3.622495;49.694847
CA;240200477;CA GrandSoissons Agglomération;3.323744;49.402874
CC;240200493;CC du Pays du Vermandois;3.235931;49.951933
CC;240200501;CC du Val de l'Aisne;3.534255;49.397699
CC;240200519;CC du Canton d'Oulchy-le-Château;3.38644;49.20247
CC;240200576;CC de la Champagne Picarde;3.84867;49.521796
CC;240200584;CC du Canton de Charly-sur-Marne;3.28263;48.973165
CC;240200592;CC du Chemin des Dames;3.788823;49.439916
CC;240200600;CC des Trois Rivières;4.056699;49.907603
CC;240200634;CC des Portes de la Thiérache;4.132232;49.715608
CC;240300491;CC du Pays de Lapalisse;3.641815;46.266476
CC;240300558;CC du Pays de Tronçais;2.811847;46.620992
CC;240300566;CC du Val de Cher;2.558704;46.453962
CC;240300657;CC du Pays d'Huriel;2.489715;46.377714
CC;240400440;CC Pays Forcalquier et Montagne de Lure;5.789835;43.952274
CC;240500439;CC du Briançonnais;6.637472;44.896187
CC;240500462;CC du Pays des Ecrins;6.552248;44.788175
CA;240600551;CA de la Riviera Française;7.500604;43.791521
CA;240600585;CA de Sophia Antipolis;7.103245;43.582206
CC;240600593;CC du Pays des Paillons;7.327354;43.806587
CC;240700302;CC du Pays Beaume-Drobie;4.247246;44.476698
CC;240700617;CC Val de Ligne;4.299449;44.531858
CC;240700716;CC du Val d'Ay;4.683795;45.166898
CC;240700815;CC Berg et Coiron;4.505221;44.554845
CC;240700864;CC du Rhône aux Gorges de l'Ardèche;4.631198;44.374612
CC;240800821;CC Ardenne,Rives de Meuse;4.160999;49.483107
CC;240800847;CC des Portes du Luxembourg;5.16473;49.636329
CC;240800862;CC des Crêtes Préardennaises;4.504508;49.57468
CC;240800920;CC de l'Argonne Ardennaise;4.697693;49.414265
CC;240900431;CC du Pays de Tarascon;1.591701;42.850761
CC;240900464;CC du Pays d'Olmes;1.850886;42.931748
CC;241000223;CC Forêts,Lacs,Terres en Champagne;4.329337;48.358148
CC;241000405;CC de la Région de Bar-sur-Aube;4.707135;48.232115
CC;241000447;CC du Pays d'Othe;3.729189;48.225703
CC;241000488;CC de l'Orvin et de l'Ardusson;3.724469;48.405283
CA;241100593;CA Le Grand Narbonne;3.051546;43.163861
CA;241200187;CA Rodez Agglomération;2.566732;44.359272
CC;241200542;CC du Réquistanais;2.533862;44.035601
CC;241200567;CC de Millau Grands Causses;3.07932;44.115989
CC;241200625;CC du Pays Rignacois;2.291249;44.409449
CC;241200641;CC Conques-Marcillac;2.462338;44.476707
CC;241200658;CC du Pays de Salars;2.725297;44.283144
CC;241200674;CC du Plateau de Montbazens;2.225241;44.470119
CC;241200765;CC de Lévézou Pareloup;2.789465;44.170854
CC;241200807;CC Aveyron Bas Ségala Viaur;2.234262;44.300198
CC;241200906;CC Larzac et Vallées;3.203376;43.885911
CC;241200914;CC de la Muse et des Raspes du Tarn;2.872612;44.030394
CC;241300375;CC Vallée des Baux-Alpilles (CC VBA);4.836697;43.796255
CA;241300417;CA d'Arles-Crau-Camargue-Montagnette;4.610256;43.608782
CC;241400415;CC Cœur Côte Fleurie;0.073016;49.354629
CC;241400514;CC du Pays de Falaise;-0.19544;48.900677
CC;241400555;CC de Bayeux Intercom;-0.701988;49.278066
CC;241400860;CC Cœur de Nacre;-0.389686;49.294764
CC;241400878;CC Terre d'Auge;0.188332;49.291604
CA;241500230;CA du Bassin d'Aurillac;2.435053;44.918771
CC;241500255;CC du Pays Gentiane;2.659478;45.285603
CC;241500271;CC du Pays de Mauriac;2.324879;45.224287
CC;241501055;CC Sumène - Artense;2.607221;45.400175
CC;241501089;CC Cère et Goul en Carladès;2.616419;44.972521
CC;241501139;CC du Pays de Salers;2.492205;45.138113
CC;241600303;CC du Rouillacais;-0.075094;45.799109
CA;241700434;CA de La Rochelle;-1.171305;46.158141
CC;241700459;CC de l'Île de Ré;-1.361552;46.200717
CC;241700517;CC Cœur de Saintonge;-0.774845;45.822026
CC;241700624;CC de l'Île d'Oléron;-1.304856;45.93318
CC;241700632;CC de Gémozac et de la Saintonge Viticole;-0.689938;45.559012
CA;241700640;CA Royan Atlantique;-1.017415;45.634186
CC;241700699;CC du Bassin de Marennes;-1.10353;45.829391
CC;241800374;CC La Septaine;2.645712;47.03672
CC;241800424;CC Le Dunois;2.554566;46.892867
CC;241800432;CC Les Trois Provinces;2.914417;46.81824
CC;241800457;CC FerCher;2.253773;46.988246
CA;241800507;CA Bourges Plus;2.397634;47.082492
CC;241900133;CC de Ventadour - Egletons - Monédières;2.158318;45.295394
CA;241927201;CA Tulle Agglo;1.764073;45.267177
CC;241927243;CC du Pays d'Uzerche;1.570912;45.427586
CA;242000354;CA de Bastia;9.435179;42.687608
CC;242000495;CC de l'Alta Rocca;9.105473;41.670591
CC;242000503;CC Celavu-Prunelli;8.839328;41.93499
CA;242010056;CA du Pays Ajaccien;8.715408;41.933934
CC;242010130;CC du Sartenais Valinco Taravo;8.906255;41.671527
CC;242020071;CC du Centre Corse;9.15798;42.307219
CC;242020105;CC de Calvi Balagne;8.7666;42.550023
CC;242100154;CC des Vallées de la Tille et de l'Ignon;5.121751;47.521887
MET;242100410;Dijon Métropole;5.033601;47.331848
CC;242101434;CC du Pays Châtillonnais;4.584361;47.863953
CC;242101442;CC de Saulieu;4.237416;47.27781
CC;242101459;CC du Pays d'Alésia et de la Seine;4.456148;47.541851
CC;242101491;CC du Montbardois;4.335188;47.638905
CC;242101509;CC Rives de Saône;5.151324;46.998451
CC;242200715;CC du Kreiz-Breizh (CCKB);-3.312756;48.225506
CC;242300135;CC du Pays Sostranien;1.473113;46.235513
CC;242320000;CC de Bénévent Grand Bourg;1.648645;46.164721
CC;242320109;CC du Pays Dunois;1.66527;46.301812
CC;242400752;CC Périgord-Limousin;0.916497;45.425802
CC;242400935;CC du Pays de Saint-Aulaye;0.036898;45.137104
CC;242401024;CC Isle-Loue-Auvézère en Périgord;1.199123;45.380091
CC;242500320;CC de Montbenoît;6.462396;46.992884
CC;242500338;CC du Grand Pontarlier;6.374948;46.907494
CU;242500361;CU Grand Besançon Métropole;6.00064;47.24378
CC;242504116;CC du Val de Morteau;6.599087;47.05262
CC;242504181;CC des Portes du Haut-Doubs;6.335886;47.148802
CC;242504355;CC du Plateau de Russey;6.739399;47.151377
CC;242504371;CC du Pays de Sancey-Belleherbe;6.59035;47.300588
CC;242504447;CC du Doubs Baumois;6.361718;47.349262
CC;242504488;CC Altitude 800;6.116165;46.96243
CC;242504496;CC du Plateau de Frasne et du Val de Drugeon (CFD);6.156088;46.854094
CC;242600252;CC du Val de Drôme en Biovallée;4.973885;44.753597
CC;242600492;CC Dieulefit-Bourdeaux;5.067998;44.526703
CC;242600534;CC du Diois;5.371216;44.750753
CC;242700276;CC du Pays de Conches;0.933211;48.958909
CC;242700607;CC du Pays du Neubourg;0.909047;49.149004
CC;242852465;CC du Bonnevalais;1.391697;48.178743
CC;242900074;CC du Pays d'Iroise;-4.641106;48.459626
MET;242900314;Brest Métropole;-4.497736;48.406435
CC;242900553;CC du Pays des Abers;-4.424617;48.497604
CC;242900561;CC de Haute Cornouaille;-3.824439;48.186112
CC;242900629;CC Cap Sizun - Pointe du Raz;-4.498999;48.04284
CC;242900645;CC Douarnenez Communauté;-4.325157;48.082744
CC;242900660;CC du Pays Fouesnantais;-4.040889;47.847389
CA;242900694;CA Quimperlé Communauté;-3.552977;47.861426
CC;242900702;CC du Pays Bigouden Sud;-4.219332;47.865348
CC;242900710;CC du Haut Pays Bigouden;-4.366814;47.96029
CC;242900744;CC Poher communauté;-3.570037;48.266001
CC;242900751;CC du Pays de Landivisiau;-4.05892;48.513537
CA;242900769;CA Concarneau Cornouaille Agglomération;-3.896018;47.891735
CC;242900793;CC Communauté Lesneven Côte des Légendes;-4.315164;48.576928
CA;242900801;CA du Pays de Landerneau-Daoulas;-4.26042;48.450764
CA;242900835;CA Morlaix Communauté;-3.820202;48.595154
CC;243000270;CC du Pays Viganais;3.613389;43.987237
CC;243000296;CC du Pays de Sommières;4.080055;43.778433
CC;243000569;CC Rhony,Vistre,Vidourle;4.175577;43.717242
CC;243000585;CC Beaucaire Terre d'Argence;4.590115;43.777956
CC;243000593;CC de Petite Camargue;4.285038;43.639023
CA;243000643;CA de Nîmes Métropole;4.356289;43.814652
CC;243000650;CC Terre de Camargue;4.191717;43.570851
CC;243000684;CC du Pont du Gard;4.565601;43.94005
MET;243100518;Toulouse Métropole;1.433805;43.604082
CC;243100567;CC Lauragais Revel Sorezois;1.99181;43.467366
CA;243100633;CA du Sicoval;1.522139;43.539924
CC;243100732;CC des Coteaux du Girou;1.580819;43.684063
CC;243100773;CC Val'Aïgo;1.481987;43.856816
CC;243100781;CC de la Save au Touch;1.28632;43.565496
CC;243100815;CC des Coteaux Bellevue;1.459803;43.710184
CC;243200391;CC de la Lomagne Gersoise;0.64845;43.845008
CC;243200409;CC du Bas Armagnac;-0.028923;43.762711
CC;243200417;CC de la Tenarèze;0.378942;43.967877
CC;243200425;CC Cœur d'Astarac en Gascogne;0.408202;43.523656
CC;243200458;CC du Grand Armagnac;-0.028366;43.918531
CC;243200508;CC Bastides et Vallons du Gers;0.16301;43.522139
CC;243200599;CC du Saves;0.906114;43.470377
CC;243200607;CC Artagnan de Fezensac;0.29832;43.764172
MET;243300316;Bordeaux Métropole;-0.587877;44.851895
CA;243300563;CA Bassin d'Arcachon Sud (COBAS);-1.173981;44.651462
CC;243300811;CC de l'Estuaire;-0.63195;45.249016
CC;243301165;CC Jalle-Eau-Bourde;-0.705264;44.737498
CC;243301181;CC Latitude Nord Gironde;-0.437205;45.153647
CC;243301215;CC du Créonnais;-0.345094;44.767291
CC;243301223;CC du Grand Cubzaguais;-0.439459;44.99533
CC;243301249;CC Les Rives de la Laurence;-0.430094;44.922032
CC;243301264;CC de Montesquieu;-0.554606;44.725144
CC;243301355;CC Les Coteaux Bordelais;-0.472033;44.84594
CC;243301371;CC du Pays Foyen;0.226838;44.82859
CC;243301389;CC Médullienne;-0.80553;45.018694
CC;243301397;CC du Fronsadais;-0.3279;44.948406
CC;243301405;CC du Val de l'Eyre;-0.78199;44.485885
CC;243301439;CC des Portes de l'Entre-deux-Mers;-0.495604;44.791107
CC;243301447;CC Médoc Estuaire;-0.694647;44.989315
CC;243301454;CC Castillon/Pujols;-0.027246;44.858346
CA;243301504;CA du Bassin d'Arcachon Nord;-1.082528;44.75035
MET;243400017;Montpellier Méditerranée Métropole;3.87048;43.610476
CC;243400355;CC du Clermontais;3.429377;43.630085
CA;243400470;CA du Pays de l'Or;3.976877;43.587984
CA;243400470;CA du Pays de l'Or;3.976877;43.587984
CC;243400488;CC La Domitienne;3.121047;43.354322
CC;243400520;CC du Pays de Lunel;4.134681;43.682153
CC;243400694;CC Vallée de l'Hérault;3.564125;43.648705
CC;243400736;CC des Cévennes Gangeoises et Suménoises;3.709409;43.936441
CA;243400769;CA de Béziers-Méditerranée;3.233465;43.343264
CA;243400819;CA Hérault-Méditerranée;3.413962;43.394328
MET;243500139;Rennes Métropole;-1.68365;48.110899
CC;243500550;CC Montfort Communauté;-1.961876;48.124826
CC;243500618;CC Brocéliande Communauté;-2.086794;47.998475
CC;243500634;CC Roche aux Fées Communauté;-1.34862;47.910726
CC;243500659;CC Pays de Châteaugiron Communauté;-1.475887;48.050022
CC;243500667;CC Val d'Ille-Aubigné;-1.718324;48.243973
CC;243500725;CC Côte d'Émeraude;-2.063894;48.581978
CC;243500733;CC Bretagne Romantique;-1.8109;48.380482
CA;243500741;CA Redon Agglomération;-2.074178;47.656781
CC;243500774;CC Liffré-Cormier Communauté;-1.433005;48.176211
CA;243500782;CA du Pays de Saint Malo Agglomération;-1.862605;48.681023
CC;243600202;CC Chabris - Pays de Bazelle;1.666058;47.253947
CC;243600236;CC du Pays d'Issoudun;2.015936;46.942036
CC;243600293;CC de la Région de Levroux;1.593572;46.985339
CC;243600301;CC Val de l'Indre - Brenne;1.452497;46.843894
CC;243600319;CC Brenne - Val de Creuse;1.190265;46.615422
CA;243600327;CA Châteauroux Métropole;1.692997;46.804734
CC;243600343;CC Cœur de Brenne;1.164238;46.807491
CC;243600350;CC de la Châtre et Sainte-Sévère;1.991945;46.573543
CC;243700499;CC du Castelrenaudais;0.909328;47.59467
MET;243700754;Tours Métropole Val de Loire;0.694273;47.395476
CC;243700820;CC de Bléré Val de Cher;0.978827;47.310141
CA;243800604;CA Porte de l'Isère (C.A.P.I);5.227615;45.615047
CC;243800745;CC de l'Oisans;6.038312;45.052099
CC;243800935;CC Lyon Saint Exupéry en Dauphiné;5.152387;45.741421
CA;243800984;CA du Pays Voironnais;5.585446;45.378051
CC;243801024;CC du Massif du Vercors;5.550044;45.068434
CC;243801073;CC de Bièvre Est;5.454208;45.401493
CC;243801255;CC des Collines du Nord Dauphiné;5.060951;45.628413
CC;243900354;CC de la Station des Rousses-Haut Jura;6.067869;46.479249
CC;243900420;CC du Val d'Amour;5.709302;46.998337
CC;243900479;CC Haut-Jura Arcade Communauté;5.985304;46.512012
CC;243900560;CC Jura Nord;5.736464;47.173436
CC;243900610;CC La Grandvallière;5.954263;46.580133
CC;243901089;CC de la Plaine Jurassienne;5.407737;46.96737
CC;244000543;CC de Mimizan;-1.247858;44.195575
CC;244000659;CC du Seignanx;-1.387529;43.535984
CA;244000675;CA du Grand Dax;-1.06016;43.700723
CC;244000691;CC du Pays Morcenais;-0.921633;44.03285
CC;244000766;CC du Pays Tarusate;-0.787334;43.818244
CC;244000774;CC du Pays de Villeneuve en Armagnac Landais;-0.307068;43.896537
CA;244000808;CA Mont-de-Marsan Agglomération;-0.50031;43.891274
CC;244000824;CC du Pays Grenadois;-0.426188;43.787842
CC;244000857;CC Côte Landes Nature;-1.141706;43.881744
CC;244000865;CC Maremne Adour Côte Sud;-1.305453;43.659948
CC;244000873;CC des Grands Lacs;-1.058449;44.342411
CC;244000881;CC Coteaux et Vallées des Luys;-0.743909;43.593923
CC;244100293;CC des Collines du Perche;0.900322;47.981584
CC;244100780;CC de la Sologne des Étangs;1.793827;47.533977
CC;244100798;CC du Grand Chambord;1.544611;47.550745
CC;244100806;CC de la Sologne des Rivières;2.030474;47.42158
CC;244200614;CC des Vals d'Aix et Isable;4.009052;45.831193
CC;244200622;CC des Monts du Pilat;4.563439;45.299585
CC;244200630;CC du Pays entre Loire et Rhône;4.225639;45.941626
MET;244200770;Saint-Etienne Métropole;4.370045;45.430195
CC;244200820;CC du Pays d'Urfé;3.835236;45.918182
CC;244200895;CC du Pilat Rhodanien;4.664006;45.423627
CC;244300307;CC du Pays de Montfaucon;4.324318;45.184728
CC;244301016;CC des Sucs;4.125107;45.139056
CC;244301099;CC Auzon Communauté;3.318117;45.401383
CC;244301107;CC du Haut-Lignon;4.296668;45.117395
CC;244301123;CC des Pays de Cayres et de Pradelles;3.850071;44.893517
CC;244301131;CC Loire et Semène;4.246514;45.300318
MET;244400404;Nantes Métropole;-1.555335;47.239367
CC;244400438;CC Grand Lieu Communauté;-1.59922;47.088609
CC;244400453;CC de la Région de Blain;-1.779167;47.462786
CC;244400503;CC d'Erdre et Gesvres;-1.621291;47.362472
CC;244400537;CC de Nozay;-1.599334;47.575281
CC;244400552;CC du Pays d'Ancenis;-1.197698;47.385301
CC;244400586;CC du Sud Estuaire;-2.028652;47.28567
CA;244400610;CA de la Presqu'île de Guérande Atlantique (Cap Atlantique);-2.363461;47.288754
CA;244400644;CA de la Région Nazairienne et de l'Estuaire (CARENE);-2.242494;47.275247
CA;244500203;CA Montargoise et Rives du Loing (A.M.E.);2.735439;47.998323
CC;244500211;CC Giennoises;2.655309;47.691089
CC;244500419;CC des Quatre Vallées;2.807126;48.109986
CC;244500427;CC des Loges;2.223164;47.872743
MET;244500468;Orléans Métropole;1.910372;47.873361
CC;244500484;CC de la Forêt;2.051943;48.070106
CC;244500542;CC de la Plaine du Nord Loiret;2.047449;48.164554
CC;244600433;CC de la Vallée du Lot et du Vignoble;1.139046;44.500949
CC;244600482;CC Quercy - Bouriane;1.373531;44.737928
CC;244600532;CC du Pays de Lalbenque-Limogne;1.564804;44.337504
CC;244600573;CC du Causse de Labastide-Murat;1.603185;44.648604
CC;244700449;CC du Pays de Duras;0.198811;44.677667
CC;244700464;CC du Pays de Lauzun;0.465633;44.639318
CC;244701355;CC des Coteaux et Landes de Gascogne;0.118398;44.375234
CC;244701405;CC Lot et Tolzac;0.488846;44.407461
CC;244800405;CC Cœur de Lozère;3.484851;44.526181
CC;244800470;CC du Gévaudan;3.29374;44.5578
CU;244900015;CU Angers Loire Métropole;-0.56191;47.466735
CC;244900809;CC Anjou Bleu Communauté;-0.846339;47.710424
CC;244900882;CC Baugeois Vallée;-0.095428;47.555466
CC;245100615;CC de la Grande Vallée de la Marne;4.037171;49.049939
CC;245100888;CC de la Brie Champenoise;3.558269;48.867973
CC;245100979;CC du Sud Marnais;3.9976;48.758005
CC;245200597;CC des Trois Forêts;4.911952;48.029531
CC;245300223;CC du Pays de Meslay-Grez;-0.548596;47.947642
CC;245300355;CC de l'Ernée;-0.932244;48.305923
CC;245300389;CC du Bocage Mayennais;-0.803043;48.420028
CC;245300447;CC du Pays de Château-Gontier;-0.694321;47.819956
CC;245400171;CC Moselle et Madon;6.106616;48.619336
CC;245400189;CC des Pays du Sel et du Vermois;6.35778;48.619585
CA;245400262;CA Grand Longwy Agglomération;5.768938;49.521585
CC;245400510;CC du Pays de Colombey et du Sud Toulois;5.893556;48.528751
CC;245400601;CC du Bassin de Pompey;6.124736;48.770683
MET;245400676;Métropole du Grand Nancy;6.171586;48.688135
CC;245400759;CC du Pays du Sanon;6.480195;48.655171
CC;245500327;CC du Sammiellois;5.542342;48.891687
CC;245501176;CC du Territoire de Fresnes-en-Woëvre;5.631304;49.095248
CC;245501184;CC du Pays de Revigny-sur-Ornain;4.985088;48.825749
CC;245501242;CC du Pays d'Étain;5.634955;49.21397
CC;245501259;CC du Pays de Montmédy;5.378175;49.522383
CC;245600440;CC de Blavet Bellevue Océan;-3.24687;47.724905
CC;245600465;CC de Belle-Île-en-Mer;-3.167376;47.340398
CC;245614383;CC Questembert Communauté;-2.435474;47.665587
CC;245614417;CC Roi Morvan Communauté;-3.598166;48.1275
CC;245614433;CC Pontivy Communauté;-2.975174;48.065625
CC;245700133;CC du District Urbain de Faulquemont (DUF);6.594524;49.040652
CA;245700372;CA de Forbach Porte de France;6.893798;49.190789
CC;245700398;CC de Freyming-Merlebach;6.802779;49.151577
CC;245700695;CC de Cattenom et Environs;6.238493;49.406377
CC;245700950;CC du Pays de Phalsbourg;7.228641;48.77046
CC;245701164;CC du Warndt;6.690135;49.209495
CC;245701206;CC du Saulnois;6.501427;48.820539
CA;245701222;CA du Val de Fensch;6.068399;49.333471
CC;245701271;CC du Pays Orne Moselle;6.085404;49.248891
CC;245701354;CC de l'Arc Mosellan;6.282317;49.316097
CA;245701362;CA Portes de France-Thionville;6.150553;49.370617
CC;245701404;CC du Pays Haut Val d'Alzette;5.949476;49.469003
CC;245801063;CC Loire et Allier;3.169345;46.856773
CA;245804406;CA de Nevers;3.160778;46.988535
CC;245804497;CC du Nivernais Bourbonnais;3.136237;46.78747
CU;245900428;CU de Dunkerque;2.344374;51.028251
CC;245900758;CC Flandre Lys;2.72984;50.626727
CC;245901038;CC du Pays Solesmois;3.512854;50.183735
CC;245901152;CC Cœur d'Ostrevent;3.168655;50.338609
CA;245901160;CA Valenciennes Métropole;3.510438;50.358552
CC;246000129;CC du Liancourtois;2.445801;49.297753
CC;246000376;CC du Clermontois;2.413758;49.37814
CC;246000566;CC du Plateau Picard;2.451597;49.511402
CC;246000582;CC des Sablons;2.075451;49.237627
CC;246000707;CC du Vexin-Thelle;1.881972;49.267125
CC;246000749;CC des Lisières de l'Oise;3.043308;49.419568
CC;246000756;CC du Pays Noyonnais;3.003812;49.584517
CC;246000764;CC de l'Aire Cantilienne;2.461897;49.188222
CC;246000772;CC des Deux Vallées;2.880679;49.478981
CC;246000848;CC de la Picardie Verte;1.736158;49.647187
CC;246000855;CC du Pays des Sources;2.745909;49.53991
CC;246000871;CC du Pays de Valois;2.893527;49.234294
CC;246000897;CC de la Plaine d'Estrées;2.645197;49.428453
CC;246000913;CC du Pays de Bray;1.91199;49.451446
CC;246000921;CC des Pays d'Oise et d'Halatte;2.60379;49.309303
CC;246100390;CC du Val d'Orne;-0.293705;48.767308
CU;246100663;CU d'Alençon;0.092935;48.429859
CA;246200299;CA d'Hénin-Carvin;2.951562;50.420666
CA;246200364;CA de Lens - Liévin;2.81908;50.437662
CC;246200380;CC de la Terre des Deux Caps;1.706168;50.810397
CA;246200729;CA du Boulonnais;1.610597;50.726334
CC;246200844;CC de la Région d'Audruicq;2.083412;50.884115
CC;246201016;CC du Pays de Lumbres;2.11448;50.706707
MET;246300701;Clermont Auvergne Métropole;3.107042;45.786671
CC;246300966;CC du Massif du Sancy;2.801854;45.569317
CC;246301097;CC Entre Dore et Allier;3.383285;45.834425
CC;246400337;CC de la Vallée d'Ossau;-0.430831;43.104571
CC;246401756;CC Pays de Nay;-0.219864;43.19066
CC;246500482;CC de la Haute-Bigorre;0.128609;42.999349
CC;246500573;CC Aure Louron;0.360969;42.905103
CC;246600282;CC Sud-Roussillon;3.015115;42.620133
CC;246600373;CC du Vallespir;2.757013;42.489043
CC;246600399;CC Pyrénées Cerdagne;2.035913;42.458645
CC;246600415;CC Roussillon-Conflent;2.623055;42.673478
CC;246600423;CC Agly Fenouillèdes;2.502907;42.810307
CC;246600449;CC des Aspres;2.757167;42.640605
CC;246600464;CC Pyrénées catalanes;2.123328;42.526696
CC;246600548;CC du Haut Vallespir;2.627411;42.454658
CC;246700306;CC de la Vallée de la Bruche;7.197226;48.482455
MET;246700488;Eurométropole de Strasbourg;7.761454;48.579831
CC;246700744;CC des Portes de Rosheim;7.404449;48.495919
CC;246700777;CC de la Vallée de Villé;7.282581;48.335158
CC;246700843;CC de la Basse-Zorn;7.786642;48.687614
CC;246700926;CC du Pays de Wissembourg;7.95274;49.014204
CC;246700959;CC du Pays de la Zorn;7.571046;48.748246
CC;246700967;CC de Sélestat;7.45087;48.263968
CC;246701064;CC de la Région de Molsheim-Mutzig;7.50352;48.540123
CC;246701080;CC du Pays de Sainte-Odile;7.470625;48.462885
CC;246701098;CC du Pays de Niederbronn-les-Bains;7.641224;48.959855
CC;246800205;CC de la Vallée de Saint-Amarin;7.03331;47.880515
CC;246800395;CC du Val d'Argent;7.217293;48.269426
CC;246800445;CC du Centre du Haut-Rhin;7.348355;47.866195
CC;246800494;CC du Pays de Rouffach,Vignobles et Châteaux;7.305052;47.95838
CC;246800551;CC de la Vallée de Kaysersberg;7.267205;48.13961
CC;246800569;CC de la Région de Guebwiller;7.212694;47.909218
CC;246800577;CC du Pays de Ribeauvillé;7.30831;48.198432
CC;246800585;CC de la Vallée de Munster;7.14216;48.042874
CC;246800676;CC de la Vallée de la Doller et du Soultzbach;6.988877;47.771869
CA;246800726;CA Colmar Agglomération;7.352569;48.081502
CC;246900575;CC de l'Est Lyonnais (CCEL);5.103058;45.721639
CC;246900625;CC du Pays de l'Arbresle (CCPA);4.610769;45.834405
CC;246900724;CC des Vallons du Lyonnais (CCVL);4.653848;45.726545
CC;246900740;CC du Pays Mornantais (COPAMO);4.67572;45.61219
CC;246900757;CC de la Vallée du Garon (CCVG);4.753938;45.674704
CC;246900765;CC du Pays de l'Ozon;4.872336;45.639273
CA;247000011;CA de Vesoul;6.157979;47.628692
CC;247000367;CC des Combes;5.971019;47.663278
CC;247000623;CC des Quatre Rivières;5.679138;47.558567
CC;247000664;CC du Pays de Lure;6.497007;47.684098
CC;247000698;CC des Monts de Gy;5.814024;47.408135
CC;247000706;CC du Pays Riolais;6.084727;47.427093
CC;247000714;CC du Pays de Villersexel;6.433516;47.551621
CC;247000722;CC du Pays d'Héricourt;6.754797;47.566726
CC;247000755;CC du Pays de Luxeuil;6.372699;47.817996
CC;247000821;CC Rahin et Chérimont;6.621423;47.71047
CC;247000854;CC des 1000 étangs;6.564513;47.761255
CU;247100290;CU Le Creusot Montceau-les-Mines;4.426656;46.806421
CA;247100589;CA Le Grand Chalon;4.846002;46.792112
CC;247100639;CC de Marcigny;4.039015;46.2727
CC;247100647;CC Bresse Nord Intercom';5.250109;46.885146
CC;247103765;CC Entre Saône et Grosne;4.864782;46.634907
CC;247103864;CC de Semur-en-Brionnais;4.183093;46.286711
CC;247104094;CC Sud Côte Chalonnaise;4.712481;46.714324
CC;247200090;CC Communauté de communes du Pays Sabolien;-0.338763;47.839167
CU;247200132;CU Le Mans Métropole;0.190842;47.993378
CC;247200348;CC du Pays Fléchois;-0.065341;47.69813
CC;247200421;CC du Sud Est Manceau;0.357897;47.924792
CC;247200447;CC Orée de Bercé - Belinois;0.274427;47.822672
CC;247200629;CC du Val de Sarthe;0.067296;47.892547
CC;247200686;CC du Pays de l'Huisne Sarthoise;0.639587;48.18053
CC;247300015;CC des Vallées d'Aigueblanche;6.496153;45.510116
CC;247300254;CC de Haute-Tarentaise;6.8058;45.621224
CC;247300262;CC de Yenne;5.768384;45.705818
CC;247300361;CC du Canton de La Chambre;6.285825;45.340854
CC;247300452;CC Maurienne Galibier;6.481664;45.231838
CC;247300528;CC Val Guiers;5.674294;45.565229
CC;247300668;CC du Lac d'Aiguebelette (CCLA);5.792294;45.585782
CC;247300676;CC Porte de Maurienne;6.314403;45.539162
CC;247300817;CC Les Versants d'Aime;6.62575;45.538585
CC;247400047;CC de la Vallée Verte;6.396802;46.214923
CC;247400112;CC du Pays de Cruseilles;6.107824;46.034085
CC;247400567;CC Fier et Usses;6.037662;45.951443
CC;247400583;CC Arve et Salève;6.267555;46.137173
CC;247400617;CC des Vallées de Thônes;6.323024;45.883413
CC;247400666;CC des Quatre Rivières;6.354544;46.146286
CC;247400682;CC du Haut-Chablais;6.628887;46.27079
CC;247400690;CC du Genevois;6.133299;46.131498
CC;247400724;CC du Pays Rochois;6.289388;46.052781
CC;247400740;CC Rumilly Terre de Savoie;5.93881;45.85642
CC;247400773;CC des Sources du Lac d'Annecy;6.286728;45.73725
CC;247600505;CC Campagne-de-Caux;0.358996;49.651388
CC;247600588;CC des Villes Sœurs;1.423036;50.04029
CC;247600604;CC de Londinières;1.396666;49.837115
CC;247600620;CC Yvetot Normandie;0.765026;49.619674
CC;247600646;CC Caux - Austreberthe;0.944585;49.577216
CC;247600729;CC Falaises du Talou;1.265665;49.899498
CA;247600786;CA de la Région Dieppoise;1.084789;49.919766
CC;247700032;CC Moret Seine et Loing;2.821065;48.356613
CA;247700057;CA Melun Val de Seine;2.659426;48.541342
CC;247700065;CC du Pays de l'Ourcq;3.054174;49.038161
CC;247700107;CC Pays de Montereau;2.9571;48.389786
CA;247700339;CA Val d'Europe Agglomération;2.765862;48.873029
CA;247700594;CA Marne et Gondoire;2.675624;48.845939
CC;247700644;CC l'Orée de la Brie;2.616471;48.689504
CC;247700701;CC Brie Nangissienne;3.019068;48.56085
CC;247800550;CC du Pays Houdanais (C.C.P.H.);1.598546;48.791425
CA;247800584;CA Versailles Grand Parc (C.A.V.G.P.);2.131319;48.803019
CC;247800618;CC Cœur d'Yvelines;1.837047;48.83818
CC;247900798;CC du Thouarsais;-0.233224;46.981613
CC;248000499;CC du Val de Somme;2.506152;49.913248
CA;248000531;CA Amiens Métropole;2.314669;49.895894
CC;248000747;CC du Pays du Coquelicot;2.653772;50.002051
CC;248100158;CC du Sor et de l'Agout;2.176997;43.578164
CA;248100430;CA de Castres Mazamet;2.245631;43.60933
CC;248100497;CC Val 81;2.383883;44.014531
CA;248100737;CA de l'Albigeois (C2A);2.165789;43.927836
CC;248100745;CC Thoré Montagne Noire;2.533795;43.459843
CC;248200016;CC des Deux Rives;0.904345;44.108321
CC;248200057;CC du Quercy Caussadais;1.545108;44.157151
CC;248200065;CC de la Lomagne Tarn-et-Garonnaise;0.993906;43.883205
CA;248200099;CA Grand Montauban;1.363813;44.020606
CC;248200107;CC du Quercy Rouergue et des Gorges de l'Aveyron;1.745793;44.151604
CA;248300394;CA Sud Sainte Baume;5.730793;43.192231
CC;248300410;CC de la Vallée du Gapeau;6.057744;43.189317
CA;248300493;CA Dracénie Provence Verdon Agglomération;6.460296;43.531436
MET;248300543;Métropole Toulon-Provence-Méditerranée;5.933457;43.136385
CC;248300550;CC Cœur du Var;6.299819;43.388363
CA;248400053;CA Ventoux-Comtat-Venaissin (COVE);5.057038;44.062749
CC;248400160;CC Aygues-Ouvèze en Provence (CCAOP);4.891334;44.155112
CC;248400236;CC du Pays Réuni d'Orange;4.834142;44.124027
CA;248400251;CA du Grand Avignon (COGA);4.845053;43.936694
CC;248400285;CC Territoriale Sud-Luberon;5.555028;43.725088
CA;248400293;CA des Sorgues du Comtat;4.986176;44.029925
CC;248400319;CC du Pays des Sorgues et des Monts de Vaucluse;5.058675;43.91503
CC;248400335;CC Vaison Ventoux;5.061432;44.249404
CC;248500191;CC de l'Île de Noirmoutier;-2.261487;47.009472
CC;248500258;CC Océan Marais de Monts;-2.050902;46.795953
CC;248500340;CC Pays de Chantonnay;-1.051061;46.670782
CC;248500415;CC du Pays de la Châtaigneraie;;
CC;248500464;CC du Pays de Pouzauges;-0.825776;46.784281
CC;248500530;CC du Pays des Achards;-1.664149;46.595367
CC;248500563;CC Vendée,Sèvre,Autise;-0.676577;46.419152
CA;248500589;CA La Roche-sur-Yon Agglomération;-1.412585;46.671717
CC;248500621;CC du Pays des Herbiers;-1.028639;46.863236
CC;248500662;CC du Pays de Mortagne;-0.981498;46.95134
CA;248600413;CA Grand Châtellerault;0.550656;46.816282
CC;248600447;CC du Pays Loudunais;0.099976;47.007169
CC;248700189;CC du Pays de Saint-Yrieix;1.20629;45.524869
CC;248719262;CC Gartempe Saint-Pardoux;1.28245;46.131193
CC;248719288;CC du Val de Vienne;1.128024;45.798248
CU;248719312;CU Limoges Métropole;1.221254;45.856159
CC;248719338;CC Briance-Combade;1.61016;45.701106
CC;248719353;CC des Portes de Vassivière;1.718497;45.709647
CC;248719361;CC de Noblat;1.497844;45.840601
CA;248900334;CA du Grand Sénonais;3.292827;48.192954
CC;248900383;CC de l'Agglomération Migennoise;3.522031;47.966219
CC;248900524;CC de l'Aillantais en Bourgogne;3.329859;47.91239
CC;248900664;CC de la Vanne et du Pays d'Othe;3.558659;48.235969
CC;248900748;CC du Gâtinais en Bourgogne;3.18597;48.175678
CC;248900896;CC Yonne Nord;3.19396;48.277132
CC;248900938;CC du Jovinien;3.398191;47.977862
CC;249000241;CC du Sud Territoire;6.998231;47.507701
CC;249100074;CC du Pays de Limours (CCPL);2.132295;48.626471
CC;249100157;CC des Deux Vallées;2.458307;48.401705
CC;249100546;CC du Val d'Essonne (CCVE);2.377934;48.531355
CC;249100553;CC Entre Juine et Renarde (CCEJR);2.182131;48.490145
CC;249100595;CC Le Dourdannais en Hurepoix (CCDH);2.012239;48.535769
CA;249500109;CA de Cergy-Pontoise;2.045547;49.04227
CC;249500430;CC Sausseron Impressionnistes;2.15876;49.074123
CC;249500455;CC de la Vallée de l'Oise et des Trois Forêts;2.286244;49.112925
CC;249500489;CC du Haut Val d'Oise;2.291947;49.141727
CC;249500513;CC du Vexin-Val de Seine;1.798528;49.154803
CC;249710047;CC de Marie-Galante;-61.29238;15.897344
CA;249710062;CA du Nord Basse-Terre;-61.702301;16.306674
CA;249710070;CA Grand Sud Caraïbe;-61.729522;15.9986
CA;249720053;CA de l'Espace Sud de la Martinique;-60.963027;14.525089
CA;249720061;CA du Centre de la Martinique;-61.064593;14.635584
CC;249730037;CC de l'Ouest Guyanais;-53.706056;5.598357
CA;249730045;CA du Centre Littoral;-52.311583;4.925248
CC;249730052;CC de l'Est Guyanais;-51.803603;3.892789
CA;249740077;CA CIVIS (Communauté Intercommunale des VIlles Solidaires);55.491803;-21.307722
CA;249740085;CA du Sud;55.542642;-21.249182
CA;249740093;CA Intercommunale de la Réunion Est (CIREST);55.694963;-21.061555
CA;249740101;CA Territoire de la Côte Ouest (TCO);55.304974;-20.946815
CA;249740119;CA Intercommunale du Nord de la Réunion (CINOR);55.444588;-20.909778
